,accuracy,precision,precision_w,recall,f1,f1_w,conf,n_comps
actual,1.0,1.0,1.0,1.0,1.0,1.0,"[[16  0  0  0  0]
 [ 0  8  0  0  0]
 [ 0  0 42  0  0]
 [ 0  0  0 10  0]
 [ 0  0  0  0  4]]",
Naive,0.525,0.905,0.750625,0.2,0.1377049180327869,0.3614754098360656,"[[ 0  0 16  0  0]
 [ 0  0  8  0  0]
 [ 0  0 42  0  0]
 [ 0  0 10  0  0]
 [ 0  0  4  0  0]]",0.0
All,1.0,1.0,1.0,1.0,1.0,1.0,"[[16  0  0  0  0]
 [ 0  8  0  0  0]
 [ 0  0 42  0  0]
 [ 0  0  0 10  0]
 [ 0  0  0  0  4]]",117.0
PLS,0.9125,0.9206349206349206,0.9059523809523808,0.8904761904761905,0.9015551048005408,0.906288032454361,"[[16  0  0  0  0]
 [ 0  8  0  0  0]
 [ 0  0 40  2  0]
 [ 0  0  5  5  0]
 [ 0  0  0  0  4]]",11.0
rel PLS,0.825,0.837948717948718,0.8301709401709401,0.8161904761904761,0.8241770755489128,0.8247624639692537,"[[12  0  4  0  0]
 [ 0  6  2  0  0]
 [ 1  2 37  2  0]
 [ 0  1  2  7  0]
 [ 0  0  0  0  4]]",9.0
PLS DA,0.7125,0.8128078817733989,0.7550492610837438,0.42523809523809525,0.41288888888888897,0.6460555555555555,"[[12  0  4  0  0]
 [ 1  0  3  4  0]
 [ 1  0 41  0  0]
 [ 0  0  6  4  0]
 [ 0  0  4  0  0]]",1.0
LDA,1.0,1.0,1.0,1.0,1.0,1.0,"[[16  0  0  0  0]
 [ 0  8  0  0  0]
 [ 0  0 42  0  0]
 [ 0  0  0 10  0]
 [ 0  0  0  0  4]]",4.0
PCA,1.0,1.0,1.0,1.0,1.0,1.0,"[[16  0  0  0  0]
 [ 0  8  0  0  0]
 [ 0  0 42  0  0]
 [ 0  0  0 10  0]
 [ 0  0  0  0  4]]",50.0
